sample_id,flaw_type,severity,start_time_s,end_time_s,annotator,qa_pass
S001,none,0,32.39,52.99,auto_whisper,True
S002,none,0,32.39,52.99,auto_whisper,True
S003,dead_pause,3,30.39,55.39,auto_whisper,True
S004,none,0,29.57,42.07,auto_whisper,True
S005,rushed_pace,3,29.87,41.05,auto_whisper,True
S006,dead_pause,3,39.71,62.49,auto_whisper,True
S007,flat_pitch,3,44.27,61.69,auto_whisper,True
S008,none,0,43.59,59.39,auto_whisper,True
S009,none,0,41.83,56.79,auto_whisper,True
S010,rushed_pace,3,39.43,50.75,auto_whisper,True
S011,dead_pause,3,36.21,55.87,auto_whisper,True
S012,none,0,40.53,52.53,auto_whisper,True
S013,none,0,35.89,46.55,auto_whisper,True
S014,rushed_pace,3,38.67,47.71,auto_whisper,True
S015,dead_pause,3,40.83,55.93,auto_whisper,True
S016,none,0,39.53,50.85,auto_whisper,True
S017,none,0,35.85,45.61,auto_whisper,True
S018,rushed_pace,3,36.85,45.73,auto_whisper,True
S019,dead_pause,3,33.09,53.79,auto_whisper,True
S020,flat_pitch,3,36.89,49.87,auto_whisper,True
S021,none,0,34.55,44.99,auto_whisper,True
S022,none,0,32.21,42.57,auto_whisper,True
S023,rushed_pace,3,29.25,37.85,auto_whisper,True
S024,dead_pause,3,30.57,48.55,auto_whisper,True
S025,mumbled_clarity,3,32.07,46.03,auto_whisper,True
S026,none,0,32.13,44.85,auto_whisper,True
S027,none,0,32.99,43.03,auto_whisper,True
S028,rushed_pace,3,28.87,38.01,auto_whisper,True
S029,rushed_pace,1,32.19,48.19,auto_whisper,True
S030,rushed_pace,2,33.39,46.33,auto_whisper,True
S031,rushed_pace,3,31.71,43.689,auto_whisper,True
S032,rushed_pace,4,31.066,42.802,auto_whisper,True
S033,dead_pause,1,32.49,53.47,auto_whisper,True
S034,dead_pause,2,32.49,53.97,auto_whisper,True
S035,dead_pause,3,32.49,54.67,auto_whisper,True
S036,dead_pause,4,32.51,55.47,auto_whisper,True
S037,flat_pitch,1,32.29,52.97,auto_whisper,True
S038,flat_pitch,2,32.31,52.97,auto_whisper,True
S039,flat_pitch,3,32.41,52.95,auto_whisper,True
S040,flat_pitch,4,32.41,52.95,auto_whisper,True
S041,mumbled_clarity,1,32.47,52.95,auto_whisper,True
S042,mumbled_clarity,2,32.49,52.93,auto_whisper,True
S043,mumbled_clarity,3,32.67,52.91,auto_whisper,True
S044,mumbled_clarity,4,32.73,52.91,auto_whisper,True
S045,rushed_pace,1,44.23,56.77,auto_whisper,True
S046,rushed_pace,2,45.01,55.77,auto_whisper,True
S047,rushed_pace,3,36.734,50.611,auto_whisper,True
S048,rushed_pace,4,36.24,49.931,auto_whisper,True
S049,dead_pause,1,43.03,59.83,auto_whisper,True
S050,dead_pause,2,43.05,60.35,auto_whisper,True
S051,dead_pause,3,43.03,60.61,auto_whisper,True
S052,dead_pause,4,43.01,61.41,auto_whisper,True
S053,flat_pitch,1,43.05,59.33,auto_whisper,True
S054,flat_pitch,2,43.05,59.33,auto_whisper,True
S055,flat_pitch,3,43.57,59.33,auto_whisper,True
S056,flat_pitch,4,43.55,59.33,auto_whisper,True
S057,mumbled_clarity,1,43.05,59.35,auto_whisper,True
S058,mumbled_clarity,2,43.05,59.35,auto_whisper,True
S059,mumbled_clarity,3,43.05,59.33,auto_whisper,True
S060,mumbled_clarity,4,43.01,59.31,auto_whisper,True
S061,rushed_pace,1,34.928,48.122,auto_whisper,True
S062,rushed_pace,2,40.49,49.03,auto_whisper,True
S063,rushed_pace,3,39.73,49.11,auto_whisper,True
S064,rushed_pace,4,40.97,46.29,auto_whisper,True
S065,dead_pause,1,40.49,52.99,auto_whisper,True
S066,dead_pause,2,40.49,53.51,auto_whisper,True
S067,dead_pause,3,40.49,54.21,auto_whisper,True
S068,dead_pause,4,40.49,55.03,auto_whisper,True
S069,flat_pitch,1,40.49,52.51,auto_whisper,True
S070,flat_pitch,2,40.49,52.51,auto_whisper,True
S071,flat_pitch,3,40.49,52.55,auto_whisper,True
S072,flat_pitch,4,39.91,52.51,auto_whisper,True
S073,mumbled_clarity,1,40.49,52.55,auto_whisper,True
S074,mumbled_clarity,2,40.49,52.51,auto_whisper,True
S075,mumbled_clarity,3,40.47,52.51,auto_whisper,True
S076,mumbled_clarity,4,40.47,52.51,auto_whisper,True
S077,rushed_pace,1,39.53,48.03,auto_whisper,True
S078,rushed_pace,2,37.13,49.15,auto_whisper,True
S079,rushed_pace,3,37.13,46.17,auto_whisper,True
S080,rushed_pace,4,33.728,46.47,auto_whisper,True
S081,dead_pause,1,39.49,51.31,auto_whisper,True
S082,dead_pause,2,40.03,51.83,auto_whisper,True
S083,dead_pause,3,40.03,52.51,auto_whisper,True
S084,dead_pause,4,40.03,53.31,auto_whisper,True
S085,flat_pitch,1,39.49,50.83,auto_whisper,True
S086,flat_pitch,2,39.47,50.81,auto_whisper,True
S087,flat_pitch,3,39.47,50.83,auto_whisper,True
S088,flat_pitch,4,39.47,50.83,auto_whisper,True
S089,mumbled_clarity,1,39.51,50.81,auto_whisper,True
S090,mumbled_clarity,2,39.49,50.81,auto_whisper,True
S091,mumbled_clarity,3,39.49,50.81,auto_whisper,True
S092,mumbled_clarity,4,39.49,50.81,auto_whisper,True
S093,rushed_pace,1,34.17,42.59,auto_whisper,True
S094,rushed_pace,2,34.11,42.79,auto_whisper,True
S095,rushed_pace,3,34.11,42.51,auto_whisper,True
S096,rushed_pace,4,29.603,40.787,auto_whisper,True
S097,dead_pause,1,34.43,45.41,auto_whisper,True
S098,dead_pause,2,34.37,45.91,auto_whisper,True
S099,dead_pause,3,34.37,46.61,auto_whisper,True
S100,dead_pause,4,34.51,47.41,auto_whisper,True
S101,flat_pitch,1,34.41,44.93,auto_whisper,True
S102,flat_pitch,2,34.41,44.93,auto_whisper,True
S103,flat_pitch,3,34.41,45.65,auto_whisper,True
S104,flat_pitch,4,34.41,44.67,auto_whisper,True
S105,mumbled_clarity,1,34.41,44.67,auto_whisper,True
S106,mumbled_clarity,2,34.49,44.67,auto_whisper,True
S107,mumbled_clarity,3,34.49,44.93,auto_whisper,True
S108,mumbled_clarity,4,34.47,44.93,auto_whisper,True
S109,rushed_pace,1,32.41,42.05,auto_whisper,True
S110,rushed_pace,2,31.97,41.21,auto_whisper,True
S111,rushed_pace,3,27.922,38.471,auto_whisper,True
S112,rushed_pace,4,27.525,37.923,auto_whisper,True
S113,dead_pause,1,32.03,45.31,auto_whisper,True
S114,dead_pause,2,32.03,45.81,auto_whisper,True
S115,dead_pause,3,32.03,46.51,auto_whisper,True
S116,dead_pause,4,32.05,47.31,auto_whisper,True
S117,flat_pitch,1,32.31,44.83,auto_whisper,True
S118,flat_pitch,2,32.23,44.83,auto_whisper,True
S119,flat_pitch,3,32.33,44.81,auto_whisper,True
S120,flat_pitch,4,32.31,44.83,auto_whisper,True
S121,mumbled_clarity,1,32.03,44.81,auto_whisper,True
S122,mumbled_clarity,2,31.99,44.83,auto_whisper,True
S123,mumbled_clarity,3,31.97,44.83,auto_whisper,True
S124,mumbled_clarity,4,31.97,44.83,auto_whisper,True
